url,label
https://amazon-login.net/verify/update.php?id=8587,1
https://linkedin.com/home,0
https://www.microsoft.com/docs,0
http://microsoft-verify.info/update/auth.php?id=2346,1
https://twitch.tv/about,0
https://developer.mozilla.org/about,0
http://amazon0.xyz/auth/banking.php?id=2306,1
http://amazon-verify.info/password/update.php?id=9924,1
https://yahoo.com/about,0
https://www.cnn.com/api/v1,0
http://176.91.206.156/verify/auth.php?id=9670,1
https://yahoo.com/api/v1,0
https://amazon.com/about,0
http://bofa-verify.info/login/verify.php?id=4940,1
https://wikipedia.org/home,0
https://nytimes.com/docs,0
http://paypal-security.com/account/account.php?id=5063,1
https://linkedin.com/help,0
https://netflix-login.net/billing/account.php?id=3088,1
https://www.cnn.com/about,0
https://cnn.com/user/settings,0
https://wikipedia.org/contact,0
https://www.nytimes.com/api/v1,0
http://amazon0.xyz/auth/billing.php?id=9019,1
http://chase0.xyz/login/update.php?id=7593,1
http://apple-verify.info/banking/update.php?id=2451,1
http://102.116.188.217/secure/billing.php?id=1839,1
https://www.google.com@145.162.204.86/login/verify.php?id=3885,1
http://stackoverflow.com/user/settings,0
http://68.103.214.109/account/account.php?id=8351,1
http://paypal0.xyz/login/account.php?id=1307,1
https://202.238.136.224/verify/verify.php?id=8532,1
https://cnn.com/api/v1,0
http://microsoft-verify.info/secure/login.php?id=9742,1
https://stackoverflow.com,0
http://netflix-security.com/verify/billing.php?id=9420,1
https://stackoverflow.com/about,0
https://youtube.com/api/v1,0
https://nytimes.com/home,0
https://cnn.com,0
https://150.154.143.42/billing/verify.php?id=2683,1
http://apple-login.net/password/login.php?id=1199,1
http://paypal-login.net/password/verify.php?id=8823,1
https://twitch.tv,0
https://nytimes.com/api/v1,0
https://apple-verify.info/verify/auth.php?id=9627,1
https://reddit.com/user/settings,0
http://bofa0.xyz/auth/account.php?id=6078,1
https://www.apple.com/api/v1,0
http://www.stackoverflow.com/api/v1,0
http://244.255.59.191/password/update.php?id=3918,1
https://twitch.tv/contact,0
https://243.109.138.143/login/verify.php?id=5975,1
http://www.google.com@11.99.153.36/auth/login.php?id=3174,1
http://amazon-login.net/password/banking.php?id=7263,1
https://twitch.tv/about,0
https://wikipedia.org/home,0
https://159.103.94.214/secure/verify.php?id=5327,1
https://www.google.com@apple-verify.info/banking/password.php?id=7784,1
https://amazon.com/contact,0
http://109.16.164.217/auth/verify.php?id=1102,1
http://192.211.32.248/banking/login.php?id=7428,1
https://amazon.com/about,0
https://www.wikipedia.org/home,0
http://paypal0.xyz/account/account.php?id=1933,1
https://yahoo.com/docs,0
https://paypal0.xyz/auth/secure.php?id=5710,1
http://www.google.com@amazon-security.com/update/update.php?id=4833,1
http://apple-login.net/banking/banking.php?id=8252,1
https://bofa-security.com/secure/secure.php?id=9522,1
http://microsoft0.xyz/password/banking.php?id=2778,1
https://netflix.com/contact,0
https://www.amazon.com/help,0
https://nytimes.com/contact,0
http://74.156.182.98/password/verify.php?id=7008,1
https://amazon.com/user/settings,0
https://113.158.225.87/verify/account.php?id=9453,1
https://stackoverflow.com/api/v1,0
https://www.stackoverflow.com,0
https://wikipedia.org/help,0
https://201.233.169.218/secure/verify.php?id=9098,1
http://netflix-update.org/update/verify.php?id=1085,1
https://developer.mozilla.org/home,0
http://chase0.xyz/account/update.php?id=9684,1
http://95.24.233.92/billing/secure.php?id=9004,1
https://www.google.com@bofa-security.com/billing/account.php?id=7489,1
https://www.google.com/docs,0
https://developer.mozilla.org/about,0
https://twitch.tv/api/v1,0
http://paypal-update.org/password/banking.php?id=1159,1
http://www.google.com@92.7.188.45/auth/account.php?id=6586,1
http://netflix0.xyz/password/login.php?id=7637,1
http://microsoft0.xyz/account/update.php?id=6769,1
https://youtube.com/user/settings,0
https://nytimes.com/docs,0
https://www.netflix.com/help,0
http://amazon0.xyz/password/verify.php?id=8883,1
http://www.google.com@apple-verify.info/login/password.php?id=2389,1
https://developer.mozilla.org/user/settings,0
http://netflix-verify.info/billing/billing.php?id=2551,1
http://21.244.33.13/billing/billing.php?id=3700,1
https://221.192.102.49/account/login.php?id=4967,1
https://www.stackoverflow.com/api/v1,0
https://www.apple.com/api/v1,0
http://apple-verify.info/account/login.php?id=1519,1
https://cnn.com/api/v1,0
http://115.194.127.161/password/secure.php?id=4927,1
http://52.215.195.145/billing/banking.php?id=6373,1
http://microsoft-security.com/banking/secure.php?id=6139,1
https://netflix.com/about,0
https://www.nytimes.com,0
http://apple-update.org/secure/account.php?id=3094,1
https://reddit.com/about,0
https://www.yahoo.com/user/settings,0
https://bbc.co.uk,0
http://apple0.xyz/secure/update.php?id=6262,1
https://43.65.205.127/update/password.php?id=9608,1
https://twitch.tv/about,0
http://184.81.11.249/auth/password.php?id=6138,1
https://linkedin.com/contact,0
https://www.stackoverflow.com/home,0
https://77.246.116.233/secure/password.php?id=9884,1
http://netflix-verify.info/verify/banking.php?id=2589,1
https://wikipedia.org,0
http://apple.com/user/settings,0
https://apple-verify.info/password/secure.php?id=4110,1
http://114.96.188.96/secure/login.php?id=7141,1
https://www.bbc.co.uk/contact,0
http://www.google.com@netflix-login.net/update/update.php?id=8351,1
https://google.com/api/v1,0
https://wikipedia.org/about,0
https://netflix.com,0
https://yahoo.com/contact,0
https://youtube.com/home,0
https://microsoft0.xyz/auth/auth.php?id=4701,1
https://netflix-update.org/secure/update.php?id=6805,1
https://stackoverflow.com,0
https://linkedin.com/home,0
https://linkedin.com/home,0
https://google.com/user/settings,0
https://paypal-login.net/auth/billing.php?id=4622,1
https://www.youtube.com/docs,0
https://bbc.co.uk/home,0
https://www.netflix.com/contact,0
https://154.50.253.134/update/auth.php?id=4122,1
http://www.google.com@paypal0.xyz/verify/login.php?id=6957,1
http://chase-login.net/auth/billing.php?id=9789,1
https://bofa-verify.info/auth/update.php?id=9604,1
https://linkedin.com/api/v1,0
https://stackoverflow.com/docs,0
https://www.bbc.co.uk/docs,0
https://microsoft.com,0
https://www.amazon.com/api/v1,0
http://paypal0.xyz/password/update.php?id=2594,1
https://reddit.com/contact,0
https://www.netflix.com,0
http://microsoft-update.org/password/auth.php?id=5141,1
https://youtube.com/home,0
http://202.39.61.237/update/password.php?id=4519,1
https://reddit.com,0
https://nytimes.com/docs,0
http://paypal-verify.info/banking/account.php?id=8014,1
https://chase-login.net/update/password.php?id=5686,1
https://www.google.com@paypal-verify.info/secure/password.php?id=6651,1
https://chase-verify.info/account/auth.php?id=2906,1
https://www.bbc.co.uk/user/settings,0
https://netflix.com/api/v1,0
https://paypal-update.org/secure/billing.php?id=1619,1
https://netflix-security.com/auth/auth.php?id=6143,1
https://apple.com,0
http://www.google.com@31.254.152.147/billing/password.php?id=6294,1
https://yahoo.com/api/v1,0
https://bbc.co.uk/api/v1,0
https://cnn.com/docs,0
http://paypal0.xyz/login/password.php?id=8415,1
https://nytimes.com/api/v1,0
http://paypal-security.com/password/account.php?id=2786,1
https://amazon.com,0
http://58.253.79.150/billing/password.php?id=3064,1
https://google.com/home,0
https://www.stackoverflow.com/contact,0
https://www.google.com@184.233.237.21/password/banking.php?id=6810,1
https://www.cnn.com/contact,0
http://bofa-login.net/secure/secure.php?id=5826,1
https://apple.com/help,0
https://google.com,0
http://netflix0.xyz/auth/verify.php?id=6438,1
https://www.nytimes.com/api/v1,0
https://microsoft.com/contact,0
https://nytimes.com,0
https://netflix.com/about,0
https://microsoft.com/contact,0
https://apple-security.com/verify/update.php?id=9433,1
https://developer.mozilla.org/home,0
http://apple-security.com/password/login.php?id=5834,1
http://github.com/docs,0
https://nytimes.com/docs,0
http://netflix-login.net/update/secure.php?id=7781,1
http://apple0.xyz/secure/banking.php?id=4732,1
http://apple-login.net/billing/secure.php?id=3498,1
https://google.com/help,0
https://nytimes.com/help,0
https://paypal0.xyz/password/secure.php?id=9054,1
https://microsoft.com/home,0
https://28.173.84.153/verify/verify.php?id=7123,1
https://youtube.com/about,0
https://apple-login.net/login/account.php?id=6418,1
https://amazon-security.com/password/auth.php?id=6114,1
https://cnn.com,0
https://bofa0.xyz/update/banking.php?id=9286,1
https://83.244.84.112/secure/banking.php?id=2141,1
http://paypal0.xyz/update/update.php?id=2303,1
https://155.110.117.200/password/billing.php?id=9489,1
https://www.github.com/api/v1,0
https://paypal-verify.info/update/login.php?id=2019,1
https://paypal-login.net/auth/banking.php?id=6695,1
http://bofa-security.com/banking/update.php?id=5727,1
http://apple0.xyz/billing/account.php?id=2318,1
http://microsoft-security.com/billing/login.php?id=3123,1
https://reddit.com/docs,0
https://www.apple.com/help,0
https://paypal-security.com/auth/auth.php?id=8488,1
https://24.151.83.59/secure/auth.php?id=1182,1
https://stackoverflow.com,0
https://211.230.62.50/auth/auth.php?id=7599,1
https://www.nytimes.com/docs,0
https://www.cnn.com/user/settings,0
https://www.wikipedia.org/about,0
https://yahoo.com/about,0
https://linkedin.com/api/v1,0
https://bofa0.xyz/billing/verify.php?id=3595,1
https://stackoverflow.com/api/v1,0
http://paypal-update.org/update/account.php?id=2133,1
http://bofa0.xyz/secure/auth.php?id=1200,1
http://230.231.75.127/banking/auth.php?id=6742,1
https://apple.com/contact,0
https://microsoft-login.net/account/login.php?id=9584,1
http://microsoft-update.org/update/secure.php?id=1453,1
http://bofa-verify.info/auth/verify.php?id=4564,1
http://cnn.com/api/v1,0
https://microsoft-login.net/update/banking.php?id=8778,1
http://www.google.com@netflix-login.net/update/billing.php?id=8929,1
https://www.amazon.com/home,0
http://apple-security.com/update/auth.php?id=4102,1
https://www.amazon.com/home,0
http://apple-security.com/billing/secure.php?id=5669,1
https://58.245.134.202/banking/update.php?id=8260,1
https://www.google.com@chase-verify.info/auth/password.php?id=1738,1
https://25.207.123.146/login/account.php?id=9906,1
https://www.wikipedia.org/home,0
http://chase-verify.info/billing/auth.php?id=2120,1
http://112.46.84.110/password/password.php?id=2847,1
https://bbc.co.uk,0
https://www.yahoo.com/contact,0
https://linkedin.com/home,0
http://netflix-update.org/password/billing.php?id=5265,1
http://253.63.82.111/account/login.php?id=8573,1
https://chase-security.com/secure/update.php?id=5953,1
https://www.yahoo.com/api/v1,0
https://netflix-security.com/login/password.php?id=6447,1
https://youtube.com/api/v1,0
https://amazon.com/docs,0
http://apple-security.com/verify/auth.php?id=7124,1
http://microsoft-update.org/secure/update.php?id=1813,1
http://amazon-login.net/banking/password.php?id=8939,1
http://www.google.com@231.52.154.30/update/account.php?id=4957,1
http://www.google.com@paypal-security.com/password/secure.php?id=1499,1
http://bofa-verify.info/login/login.php?id=5757,1
http://chase-security.com/billing/login.php?id=7007,1
https://developer.mozilla.org,0
http://netflix-verify.info/banking/update.php?id=7784,1
http://paypal0.xyz/verify/verify.php?id=1264,1
https://reddit.com,0
https://amazon-security.com/banking/verify.php?id=7104,1
http://49.55.67.216/auth/password.php?id=8003,1
https://www.bbc.co.uk/docs,0
https://yahoo.com/docs,0
https://yahoo.com/api/v1,0
https://amazon.com/api/v1,0
http://232.12.155.52/account/login.php?id=2782,1
https://122.156.27.94/auth/banking.php?id=6911,1
https://221.30.150.51/banking/verify.php?id=5926,1
https://www.developer.mozilla.org/docs,0
http://apple0.xyz/account/billing.php?id=2620,1
https://netflix.com/docs,0
http://206.208.27.157/auth/password.php?id=3816,1
http://apple-update.org/verify/password.php?id=5784,1
https://google.com,0
http://amazon-login.net/update/auth.php?id=8391,1
http://apple-update.org/banking/secure.php?id=4265,1
https://cnn.com/api/v1,0
https://chase-update.org/login/account.php?id=7862,1
https://chase-security.com/billing/secure.php?id=1591,1
http://paypal-verify.info/update/account.php?id=3317,1
https://www.twitch.tv/help,0
http://microsoft-verify.info/banking/verify.php?id=2220,1
http://40.170.236.142/billing/banking.php?id=2529,1
https://developer.mozilla.org/contact,0
https://nytimes.com/user/settings,0
https://microsoft.com/api/v1,0
http://90.119.37.93/banking/verify.php?id=3888,1
https://yahoo.com/user/settings,0
http://bofa-login.net/login/update.php?id=8683,1
https://www.amazon.com/help,0
http://chase-update.org/account/login.php?id=9174,1
https://netflix.com/docs,0
https://amazon.com/about,0
http://14.211.150.48/password/banking.php?id=9909,1
https://netflix-verify.info/account/verify.php?id=6585,1
https://stackoverflow.com/user/settings,0
http://paypal-update.org/banking/billing.php?id=9587,1
https://amazon.com/help,0
https://apple-login.net/secure/login.php?id=7984,1
https://www.yahoo.com/about,0
http://46.165.7.103/login/password.php?id=5590,1
https://www.twitch.tv/about,0
https://www.stackoverflow.com/help,0
https://yahoo.com/user/settings,0
https://paypal-login.net/update/billing.php?id=4320,1
http://109.255.139.198/update/secure.php?id=9098,1
https://reddit.com/docs,0
https://yahoo.com/help,0
http://netflix-login.net/billing/password.php?id=2454,1
http://netflix-security.com/verify/verify.php?id=4272,1
http://www.google.com@microsoft-login.net/banking/billing.php?id=3271,1
http://www.google.com@amazon-update.org/billing/auth.php?id=6275,1
https://19.218.125.114/password/secure.php?id=5015,1
http://amazon-update.org/update/verify.php?id=7873,1
https://reddit.com/help,0
https://www.google.com,0
https://www.youtube.com/api/v1,0
https://bofa-security.com/secure/banking.php?id=2549,1
https://google.com/docs,0
https://apple.com/user/settings,0
https://43.49.76.10/banking/password.php?id=8049,1
https://243.133.113.143/account/banking.php?id=5006,1
http://netflix0.xyz/banking/auth.php?id=4502,1
https://amazon.com/help,0
https://reddit.com/user/settings,0
https://wikipedia.org/user/settings,0
http://netflix0.xyz/auth/account.php?id=5285,1
https://www.cnn.com,0
http://67.162.64.128/password/update.php?id=8117,1
https://github.com/home,0
https://bbc.co.uk/api/v1,0
https://www.github.com/docs,0
https://twitch.tv/home,0
https://github.com/home,0
http://netflix-login.net/update/account.php?id=6608,1
https://nytimes.com/about,0
https://chase0.xyz/billing/verify.php?id=1522,1
https://youtube.com/docs,0
http://amazon0.xyz/login/password.php?id=8974,1
https://netflix.com/docs,0
https://www.reddit.com/api/v1,0
https://www.google.com@amazon-update.org/auth/login.php?id=1380,1
https://apple0.xyz/auth/verify.php?id=8563,1
https://www.google.com@apple-security.com/account/update.php?id=4830,1
https://cnn.com,0
https://stackoverflow.com/home,0
http://netflix-update.org/login/login.php?id=2473,1
https://twitch.tv/help,0
http://bofa0.xyz/login/verify.php?id=1003,1
https://www.github.com/user/settings,0
https://www.yahoo.com,0
http://apple-verify.info/banking/password.php?id=2701,1
http://bofa-login.net/password/secure.php?id=7419,1
http://85.89.91.178/password/banking.php?id=5525,1
http://23.141.59.194/verify/account.php?id=8392,1
https://82.94.178.17/banking/login.php?id=8355,1
https://microsoft.com/api/v1,0
http://apple-verify.info/verify/account.php?id=6466,1
http://microsoft-update.org/account/auth.php?id=9043,1
http://bofa-update.org/update/billing.php?id=1400,1
http://apple-update.org/password/password.php?id=7497,1
https://youtube.com/contact,0
https://www.amazon.com/about,0
http://paypal-security.com/login/auth.php?id=4826,1
https://linkedin.com/user/settings,0
https://141.28.80.63/auth/banking.php?id=7206,1
https://www.netflix.com/api/v1,0
https://243.85.102.42/update/update.php?id=6591,1
https://www.developer.mozilla.org/help,0
https://youtube.com/user/settings,0
https://netflix0.xyz/account/banking.php?id=2248,1
http://126.153.107.156/billing/auth.php?id=6687,1
https://amazon.com/about,0
https://www.netflix.com,0
http://bofa0.xyz/banking/update.php?id=3815,1
http://220.58.240.193/billing/password.php?id=2218,1
http://www.google.com@paypal-login.net/login/verify.php?id=6819,1
https://youtube.com/about,0
https://github.com/contact,0
https://nytimes.com/help,0
http://www.google.com@bofa0.xyz/update/password.php?id=9991,1
https://yahoo.com/contact,0
https://microsoft-security.com/secure/banking.php?id=2477,1
http://45.88.178.42/secure/billing.php?id=7524,1
https://paypal0.xyz/banking/billing.php?id=9371,1
https://linkedin.com/about,0
https://www.cnn.com/help,0
https://88.130.54.196/auth/banking.php?id=7095,1
https://amazon.com/help,0
https://www.google.com@paypal0.xyz/update/account.php?id=4912,1
https://reddit.com/help,0
https://bbc.co.uk/about,0
https://www.nytimes.com/about,0
https://twitch.tv/docs,0
http://185.110.180.64/auth/account.php?id=5830,1
https://nytimes.com/docs,0
https://stackoverflow.com/contact,0
https://apple.com/about,0
http://109.73.80.66/account/update.php?id=4851,1
https://twitch.tv/help,0
http://apple-update.org/account/account.php?id=7314,1
https://www.cnn.com/user/settings,0
https://linkedin.com/home,0
http://chase-verify.info/login/banking.php?id=1113,1
https://www.google.com@chase0.xyz/verify/billing.php?id=7500,1
http://bofa0.xyz/account/verify.php?id=8842,1
http://amazon-security.com/account/secure.php?id=1851,1
http://paypal-security.com/login/password.php?id=1152,1
https://netflix.com/user/settings,0
https://developer.mozilla.org,0
https://youtube.com/about,0
https://microsoft0.xyz/banking/verify.php?id=6698,1
https://twitch.tv/contact,0
https://apple-verify.info/billing/billing.php?id=8494,1
https://www.linkedin.com/api/v1,0
https://reddit.com,0
https://netflix-verify.info/account/update.php?id=6592,1
http://amazon-update.org/banking/secure.php?id=3818,1
https://177.167.236.109/verify/login.php?id=9734,1
http://apple-security.com/account/verify.php?id=9349,1
https://apple.com/about,0
http://www.google.com@143.202.69.116/login/update.php?id=8979,1
https://chase-update.org/auth/banking.php?id=2624,1
https://linkedin.com/docs,0
https://www.apple.com/help,0
http://bofa-verify.info/verify/auth.php?id=2498,1
http://173.100.55.226/account/login.php?id=5865,1
http://www.google.com@apple0.xyz/billing/auth.php?id=4468,1
https://chase-verify.info/banking/update.php?id=2941,1
https://206.14.170.118/verify/password.php?id=1562,1
https://netflix0.xyz/account/update.php?id=2805,1
https://amazon0.xyz/billing/secure.php?id=6584,1
http://amazon-verify.info/account/update.php?id=7513,1
https://www.bbc.co.uk/contact,0
https://www.cnn.com,0
https://amazon-login.net/banking/auth.php?id=9015,1
http://paypal-update.org/billing/password.php?id=9553,1
https://nytimes.com/help,0
https://paypal-verify.info/login/update.php?id=4599,1
https://linkedin.com/docs,0
https://nytimes.com,0
https://yahoo.com/help,0
https://reddit.com,0
http://bofa0.xyz/verify/update.php?id=7203,1
http://40.75.182.244/auth/account.php?id=4684,1
https://www.twitch.tv/about,0
http://www.apple.com/api/v1,0
https://microsoft.com/docs,0
https://cnn.com/user/settings,0
https://apple.com/help,0
https://microsoft.com/help,0
https://chase-security.com/password/account.php?id=7373,1
https://wikipedia.org/contact,0
http://google.com/contact,0
https://cnn.com/user/settings,0
http://chase-login.net/banking/update.php?id=3157,1
http://amazon-security.com/password/billing.php?id=4323,1
https://yahoo.com/docs,0
https://www.stackoverflow.com/about,0
https://microsoft0.xyz/update/verify.php?id=6456,1
http://apple-login.net/login/auth.php?id=2235,1
https://google.com/about,0
https://189.77.21.8/secure/auth.php?id=4396,1
https://chase-update.org/verify/banking.php?id=7700,1
https://www.google.com@microsoft0.xyz/update/login.php?id=3922,1
https://google.com/contact,0
http://netflix-security.com/update/auth.php?id=1952,1
https://wikipedia.org/about,0
https://apple-verify.info/secure/login.php?id=5773,1
https://amazon.com/contact,0
http://microsoft-verify.info/banking/banking.php?id=6036,1
https://www.google.com@143.154.220.220/account/update.php?id=3927,1
https://www.linkedin.com/about,0
https://www.stackoverflow.com/help,0
http://www.google.com@netflix-update.org/account/auth.php?id=7302,1
http://www.google.com@bofa-verify.info/auth/password.php?id=9670,1
http://stackoverflow.com/api/v1,0
https://yahoo.com/home,0
https://111.252.18.23/account/verify.php?id=3009,1
https://youtube.com/help,0
https://youtube.com/docs,0
https://developer.mozilla.org/api/v1,0
http://180.23.179.15/password/verify.php?id=5699,1
https://www.cnn.com/docs,0
https://www.google.com@netflix0.xyz/update/secure.php?id=2162,1
https://www.bbc.co.uk/api/v1,0
http://apple-login.net/update/password.php?id=5085,1
http://netflix-login.net/login/auth.php?id=9457,1
https://nytimes.com/home,0
https://www.wikipedia.org/about,0
http://bofa0.xyz/verify/verify.php?id=8037,1
http://apple0.xyz/password/auth.php?id=8994,1
https://www.stackoverflow.com,0
https://cnn.com/contact,0
https://bofa0.xyz/billing/secure.php?id=8483,1
http://bofa-security.com/billing/password.php?id=4510,1
https://bbc.co.uk/docs,0
http://25.95.249.105/auth/update.php?id=5629,1
http://netflix-security.com/banking/auth.php?id=7434,1
https://microsoft.com/home,0
http://bofa-update.org/account/billing.php?id=3146,1
http://www.google.com@76.78.108.170/login/banking.php?id=2658,1
https://netflix.com/contact,0
http://www.google.com@232.130.185.120/billing/auth.php?id=3381,1
http://chase0.xyz/banking/password.php?id=8419,1
https://yahoo.com/home,0
http://www.google.com@182.64.80.243/verify/secure.php?id=5527,1
https://233.38.140.121/banking/verify.php?id=8062,1
https://www.google.com/help,0
https://netflix.com,0
http://microsoft-update.org/secure/verify.php?id=5664,1
https://www.cnn.com/help,0
http://paypal-login.net/password/auth.php?id=1950,1
http://www.google.com@apple-verify.info/auth/billing.php?id=2919,1
https://www.amazon.com/contact,0
https://www.google.com,0
https://wikipedia.org/home,0
https://microsoft.com,0
https://netflix.com/user/settings,0
https://www.github.com/help,0
https://www.youtube.com,0
https://nytimes.com/contact,0
http://stackoverflow.com/api/v1,0
https://apple-security.com/verify/update.php?id=8142,1
https://www.apple.com/user/settings,0
https://www.wikipedia.org,0
https://apple.com,0
https://twitch.tv/docs,0
https://cnn.com/user/settings,0
https://bbc.co.uk,0
http://160.32.218.110/update/auth.php?id=4747,1
http://microsoft-login.net/billing/account.php?id=8284,1
https://www.github.com,0
http://netflix-security.com/banking/billing.php?id=9590,1
http://193.218.129.76/account/verify.php?id=2349,1
http://77.47.187.80/auth/account.php?id=3982,1
https://google.com/about,0
https://reddit.com/api/v1,0
https://apple-update.org/secure/update.php?id=2162,1
https://www.github.com/about,0
https://twitch.tv/about,0
http://amazon-verify.info/account/verify.php?id=6069,1
https://chase0.xyz/password/login.php?id=6024,1
https://www.linkedin.com/user/settings,0
https://linkedin.com,0
https://twitch.tv/docs,0
https://bbc.co.uk/api/v1,0
http://amazon-verify.info/verify/verify.php?id=5629,1
https://yahoo.com/about,0
http://paypal-verify.info/account/secure.php?id=5165,1
https://microsoft-update.org/verify/auth.php?id=3818,1
http://81.6.167.210/verify/password.php?id=6166,1
http://apple-update.org/banking/banking.php?id=4762,1
https://www.microsoft.com,0
https://123.106.117.44/account/auth.php?id=7942,1
https://www.github.com/home,0
https://google.com/contact,0
https://www.github.com/user/settings,0
https://www.google.com@chase-update.org/password/auth.php?id=1119,1
https://netflix.com,0
http://amazon-login.net/auth/billing.php?id=6011,1
https://twitch.tv/docs,0
https://www.stackoverflow.com/api/v1,0
https://yahoo.com/about,0
http://www.google.com@amazon-login.net/banking/login.php?id=7766,1
https://yahoo.com/user/settings,0
https://www.yahoo.com/about,0
https://wikipedia.org/about,0
https://bbc.co.uk,0
http://apple0.xyz/billing/verify.php?id=2163,1
http://amazon0.xyz/billing/billing.php?id=5447,1
https://www.wikipedia.org,0
https://89.193.142.33/billing/password.php?id=4189,1
https://apple.com/about,0
http://paypal-security.com/password/billing.php?id=7533,1
https://microsoft0.xyz/auth/secure.php?id=6718,1
https://netflix-update.org/auth/update.php?id=4102,1
http://www.google.com@paypal-update.org/secure/billing.php?id=7877,1
http://netflix-update.org/account/password.php?id=8735,1
http://paypal0.xyz/auth/billing.php?id=5137,1
http://www.google.com@bofa0.xyz/billing/account.php?id=1610,1
https://bbc.co.uk/help,0
https://developer.mozilla.org/api/v1,0
https://microsoft.com,0
http://77.124.141.40/login/password.php?id=2048,1
http://paypal0.xyz/banking/account.php?id=3269,1
